<?xml version="1.0" encoding="UTF-8"?><font><info face="ByteBounce" size="32" bold="0" italic="0" charset="" unicode="1" stretchH="100" smooth="1" aa="1" padding="1,1,1,1" spacing="1,1" outline="0"/><common lineHeight="32" base="22" scaleW="119" scaleH="122" pages="1" packed="0" alphaChnl="0" redChnl="4" greenChnl="4" blueChnl="4"/><pages><page id="0" file="gameboy.png"/></pages><chars count="68"><!--   --><char id="32" x="0" y="0" width="0" height="0" xoffset="0" yoffset="0" xadvance="10" page="0" chnl="15"/><!-- # --><char id="35" x="0" y="56" width="16" height="14" xoffset="-1" yoffset="5" xadvance="16" page="0" chnl="15"/><!-- + --><char id="43" x="94" y="91" width="14" height="12" xoffset="-1" yoffset="5" xadvance="14" page="0" chnl="15"/><!-- - --><char id="45" x="79" y="114" width="14" height="4" xoffset="-1" yoffset="9" xadvance="14" page="0" chnl="15"/><!-- . --><char id="46" x="0" y="116" width="6" height="6" xoffset="-1" yoffset="13" xadvance="6" page="0" chnl="15"/><!-- 0 --><char id="48" x="0" y="71" width="14" height="14" xoffset="-1" yoffset="5" xadvance="14" page="0" chnl="15"/><!-- 1 --><char id="49" x="109" y="0" width="10" height="14" xoffset="-1" yoffset="5" xadvance="10" page="0" chnl="15"/><!-- 2 --><char id="50" x="0" y="86" width="14" height="14" xoffset="-1" yoffset="5" xadvance="14" page="0" chnl="15"/><!-- 3 --><char id="51" x="0" y="101" width="14" height="14" xoffset="-1" yoffset="5" xadvance="14" page="0" chnl="15"/><!-- 4 --><char id="52" x="19" y="0" width="14" height="14" xoffset="-1" yoffset="5" xadvance="14" page="0" chnl="15"/><!-- 5 --><char id="53" x="19" y="15" width="14" height="14" xoffset="-1" yoffset="5" xadvance="14" page="0" chnl="15"/><!-- 6 --><char id="54" x="19" y="30" width="14" height="14" xoffset="-1" yoffset="5" xadvance="14" page="0" chnl="15"/><!-- 7 --><char id="55" x="19" y="45" width="14" height="14" xoffset="-1" yoffset="5" xadvance="14" page="0" chnl="15"/><!-- 8 --><char id="56" x="19" y="60" width="14" height="14" xoffset="-1" yoffset="5" xadvance="14" page="0" chnl="15"/><!-- 9 --><char id="57" x="19" y="75" width="14" height="14" xoffset="-1" yoffset="5" xadvance="14" page="0" chnl="15"/><!-- A --><char id="65" x="19" y="90" width="14" height="14" xoffset="-1" yoffset="5" xadvance="14" page="0" chnl="15"/><!-- B --><char id="66" x="19" y="105" width="14" height="14" xoffset="-1" yoffset="5" xadvance="14" page="0" chnl="15"/><!-- C --><char id="67" x="34" y="0" width="14" height="14" xoffset="-1" yoffset="5" xadvance="14" page="0" chnl="15"/><!-- D --><char id="68" x="34" y="15" width="14" height="14" xoffset="-1" yoffset="5" xadvance="14" page="0" chnl="15"/><!-- E --><char id="69" x="34" y="30" width="14" height="14" xoffset="-1" yoffset="5" xadvance="14" page="0" chnl="15"/><!-- F --><char id="70" x="34" y="45" width="14" height="14" xoffset="-1" yoffset="5" xadvance="14" page="0" chnl="15"/><!-- G --><char id="71" x="34" y="60" width="14" height="14" xoffset="-1" yoffset="5" xadvance="14" page="0" chnl="15"/><!-- H --><char id="72" x="34" y="75" width="14" height="14" xoffset="-1" yoffset="5" xadvance="14" page="0" chnl="15"/><!-- I --><char id="73" x="109" y="15" width="10" height="14" xoffset="-1" yoffset="5" xadvance="10" page="0" chnl="15"/><!-- J --><char id="74" x="34" y="90" width="14" height="14" xoffset="-1" yoffset="5" xadvance="14" page="0" chnl="15"/><!-- K --><char id="75" x="34" y="105" width="14" height="14" xoffset="-1" yoffset="5" xadvance="14" page="0" chnl="15"/><!-- L --><char id="76" x="49" y="0" width="14" height="14" xoffset="-1" yoffset="5" xadvance="14" page="0" chnl="15"/><!-- M --><char id="77" x="0" y="0" width="18" height="14" xoffset="-1" yoffset="5" xadvance="18" page="0" chnl="15"/><!-- N --><char id="78" x="49" y="15" width="14" height="14" xoffset="-1" yoffset="5" xadvance="14" page="0" chnl="15"/><!-- O --><char id="79" x="49" y="30" width="14" height="14" xoffset="-1" yoffset="5" xadvance="14" page="0" chnl="15"/><!-- P --><char id="80" x="49" y="45" width="14" height="14" xoffset="-1" yoffset="5" xadvance="14" page="0" chnl="15"/><!-- Q --><char id="81" x="49" y="60" width="14" height="14" xoffset="-1" yoffset="5" xadvance="14" page="0" chnl="15"/><!-- R --><char id="82" x="49" y="75" width="14" height="14" xoffset="-1" yoffset="5" xadvance="14" page="0" chnl="15"/><!-- S --><char id="83" x="49" y="90" width="14" height="14" xoffset="-1" yoffset="5" xadvance="14" page="0" chnl="15"/><!-- T --><char id="84" x="49" y="105" width="14" height="14" xoffset="-1" yoffset="5" xadvance="14" page="0" chnl="15"/><!-- U --><char id="85" x="64" y="0" width="14" height="14" xoffset="-1" yoffset="5" xadvance="14" page="0" chnl="15"/><!-- V --><char id="86" x="64" y="15" width="14" height="14" xoffset="-1" yoffset="5" xadvance="14" page="0" chnl="15"/><!-- W --><char id="87" x="0" y="15" width="18" height="14" xoffset="-1" yoffset="5" xadvance="18" page="0" chnl="15"/><!-- X --><char id="88" x="64" y="30" width="14" height="14" xoffset="-1" yoffset="5" xadvance="14" page="0" chnl="15"/><!-- Y --><char id="89" x="64" y="45" width="14" height="14" xoffset="-1" yoffset="5" xadvance="14" page="0" chnl="15"/><!-- Z --><char id="90" x="64" y="60" width="14" height="14" xoffset="-1" yoffset="5" xadvance="14" page="0" chnl="15"/><!-- _ --><char id="95" x="94" y="104" width="14" height="4" xoffset="-1" yoffset="17" xadvance="14" page="0" chnl="15"/><!-- a --><char id="97" x="79" y="75" width="14" height="12" xoffset="-1" yoffset="7" xadvance="14" page="0" chnl="15"/><!-- b --><char id="98" x="64" y="75" width="14" height="14" xoffset="-1" yoffset="5" xadvance="14" page="0" chnl="15"/><!-- c --><char id="99" x="79" y="88" width="14" height="12" xoffset="-1" yoffset="7" xadvance="14" page="0" chnl="15"/><!-- d --><char id="100" x="64" y="90" width="14" height="14" xoffset="-1" yoffset="5" xadvance="14" page="0" chnl="15"/><!-- e --><char id="101" x="79" y="101" width="14" height="12" xoffset="-1" yoffset="7" xadvance="14" page="0" chnl="15"/><!-- f --><char id="102" x="109" y="30" width="10" height="14" xoffset="-1" yoffset="5" xadvance="10" page="0" chnl="15"/><!-- g --><char id="103" x="64" y="105" width="14" height="14" xoffset="-1" yoffset="7" xadvance="14" page="0" chnl="15"/><!-- h --><char id="104" x="79" y="0" width="14" height="14" xoffset="-1" yoffset="5" xadvance="14" page="0" chnl="15"/><!-- i --><char id="105" x="109" y="92" width="6" height="14" xoffset="-1" yoffset="5" xadvance="6" page="0" chnl="15"/><!-- j --><char id="106" x="109" y="60" width="8" height="16" xoffset="-1" yoffset="5" xadvance="8" page="0" chnl="15"/><!-- k --><char id="107" x="79" y="15" width="14" height="14" xoffset="-1" yoffset="5" xadvance="14" page="0" chnl="15"/><!-- l --><char id="108" x="109" y="77" width="8" height="14" xoffset="-1" yoffset="5" xadvance="8" page="0" chnl="15"/><!-- m --><char id="109" x="0" y="30" width="18" height="12" xoffset="-1" yoffset="7" xadvance="18" page="0" chnl="15"/><!-- n --><char id="110" x="94" y="0" width="14" height="12" xoffset="-1" yoffset="7" xadvance="14" page="0" chnl="15"/><!-- o --><char id="111" x="94" y="13" width="14" height="12" xoffset="-1" yoffset="7" xadvance="14" page="0" chnl="15"/><!-- p --><char id="112" x="79" y="30" width="14" height="14" xoffset="-1" yoffset="7" xadvance="14" page="0" chnl="15"/><!-- q --><char id="113" x="79" y="45" width="14" height="14" xoffset="-1" yoffset="7" xadvance="14" page="0" chnl="15"/><!-- r --><char id="114" x="94" y="109" width="10" height="12" xoffset="-1" yoffset="7" xadvance="10" page="0" chnl="15"/><!-- s --><char id="115" x="94" y="26" width="14" height="12" xoffset="-1" yoffset="7" xadvance="14" page="0" chnl="15"/><!-- t --><char id="116" x="109" y="45" width="10" height="14" xoffset="-1" yoffset="5" xadvance="10" page="0" chnl="15"/><!-- u --><char id="117" x="94" y="39" width="14" height="12" xoffset="-1" yoffset="7" xadvance="14" page="0" chnl="15"/><!-- v --><char id="118" x="94" y="52" width="14" height="12" xoffset="-1" yoffset="7" xadvance="14" page="0" chnl="15"/><!-- w --><char id="119" x="0" y="43" width="18" height="12" xoffset="-1" yoffset="7" xadvance="18" page="0" chnl="15"/><!-- x --><char id="120" x="94" y="65" width="14" height="12" xoffset="-1" yoffset="7" xadvance="14" page="0" chnl="15"/><!-- y --><char id="121" x="79" y="60" width="14" height="14" xoffset="-1" yoffset="7" xadvance="14" page="0" chnl="15"/><!-- z --><char id="122" x="94" y="78" width="14" height="12" xoffset="-1" yoffset="7" xadvance="14" page="0" chnl="15"/></chars></font>